intervention_priority,mean,count
선별 검토 대상,0.6984126984126984,126
즉시 유지 개입,0.47619047619047616,21
모니터링 대상,0.285140562248996,249
예방적 케어 대상,0.17777777777777778,45
핵심인재 일반 케어,0.06405693950177936,281
일반 모니터링,0.05614973262032086,748
