risk_segment,mean,count
High Risk,0.6666666666666666,147
Medium Risk,0.2687074829931973,294
Low Risk,0.05830903790087463,1029
